id,gender,masterCategory,subCategory,articleType,baseColour,season,year,usage,productDisplayName
21977,Women,Accessories,Bags,Handbags,Brown,Winter,2015.0,Casual,Murcia Women Casual Brown Handbag
7964,Men,Apparel,Topwear,Tshirts,Black,Fall,2011.0,Sports,Puma Men's Large Logo Graphic Black T-shirt
4524,Men,Footwear,Shoes,Sports Shoes,Black,Summer,2011.0,Sports,Puma Men's YugoRun Black White Shoe
21187,Men,Footwear,Flip Flops,Flip Flops,Yellow,Summer,2011.0,Casual,ADIDAS Men Plugged In Yellow Flip Flops
7194,Women,Apparel,Topwear,Tops,White,Fall,2011.0,Casual,Jealous 21 Women's BFF Printed White Top
37472,Men,Accessories,Watches,Watches,Grey,Winter,2016.0,Casual,Esprit Men Grey Dial Watch
17849,Women,Apparel,Topwear,Tshirts,Grey,Fall,2011.0,Casual,Flying Machine Women This & That Grey Tshirt
3991,Men,Apparel,Topwear,Tshirts,White,Summer,2011.0,Casual,Mr.Men Men's Wave Rider White T-shirt
23249,Men,Footwear,Shoes,Formal Shoes,Black,Fall,2011.0,Formal,Arrow Men Formal Black Shoes
43367,Women,Footwear,Shoes,Flats,Black,Summer,2012.0,Casual,Reebok Women Black Casual Shoes
46285,Women,Apparel,Dress,Dresses,Multi,Summer,2012.0,Casual,109F Women Multi Coloured Dress
8784,Unisex,Accessories,Eyewear,Sunglasses,Brown,Winter,2016.0,Casual,Fastrack Unisex Brown Sunglasses
6820,Women,Footwear,Flip Flops,Flip Flops,Green,Summer,2011.0,Casual,Timberland Women's Estela Umbrella Green Flip Flop
8724,Men,Apparel,Topwear,Shirts,Red,Fall,2011.0,Casual,Indigo Nation Men Checks Red Shirts
28434,Women,Accessories,Watches,Watches,White,Winter,2016.0,Casual,DKNY Women White Dial Watch NY8299
5209,Men,Apparel,Topwear,Tshirts,White,Summer,2011.0,Casual,Superman Men's Job Round Neck White T-shirt
55064,Women,Personal Care,Lips,Lipstick,Brown,Spring,2017.0,,Lakme Enrich Satins Lipstick 265
11119,Men,Apparel,Topwear,Shirts,White,Fall,2011.0,Formal,Indigo Nation Men Solid White Shirts
28265,Men,Personal Care,Fragrance,Deodorant,Blue,Spring,2017.0,Casual,Gatsby Men Classic Deo
8371,Girls,Apparel,Topwear,Tshirts,Yellow,Fall,2011.0,Casual,Doodle Girl's Dont Worry Hippie Yellow Teen Kidswear
34892,Women,Accessories,Bags,Handbags,Multi,Summer,2012.0,Casual,Envirosax Women Multi Coloured Bag
12108,Women,Apparel,Topwear,Kurtis,Blue,Fall,2011.0,Ethnic,W Women Printed Pink Kurtis
41693,Men,Apparel,Loungewear and Nightwear,Lounge Pants,Navy Blue,Summer,2016.0,Casual,Superman Men Blue Printed Lounge Pants
59653,Women,Apparel,Saree,Sarees,Green,Fall,2012.0,Ethnic,FNF Green & Pink Evening Wear Sari
58311,Men,Accessories,Socks,Socks,Black,Summer,2016.0,Sports,Jockey LCESCBRA Men Pack of 3 Socks 2004
29781,Men,Apparel,Bottomwear,Trousers,Charcoal,Summer,2013.0,Casual,Basics Men Steel Charcoal Trousers
18451,Women,Personal Care,Fragrance,Fragrance Gift Set,Orange,Spring,2017.0,Casual,Guess Marciano Women Fragrance Gift Set
46419,Men,Accessories,Watches,Watches,Brown,Winter,2016.0,Casual,Timex Men Brown Dial Empera Watch
21978,Women,Accessories,Bags,Handbags,Olive,Winter,2015.0,Casual,Murcia Women Casual Olive Handbag
7391,Men,Footwear,Shoes,Formal Shoes,Black,Winter,2018.0,Formal,Red Tape Men's Black Slip-On Formal Shoe
13072,Men,Footwear,Shoes,Casual Shoes,Black,Fall,2011.0,Casual,Numero Uno Men Black Casual Shoes
16958,Men,Accessories,Eyewear,Sunglasses,Blue,Winter,2016.0,Casual,Image Men Sunglasses
17877,Men,Apparel,Innerwear,Innerwear Vests,Beige,Summer,2016.0,Casual,Levisi Men Comfort Style Beige Innerwear Vest
59265,Women,Accessories,Watches,Watches,White,Winter,2016.0,Casual,Titan Women Mother Of Pearl Watch
28808,Men,Apparel,Topwear,Shirts,Black,Summer,2012.0,Casual,Denizen Men Striped Black Shirt
25941,Women,Accessories,Scarves,Scarves,Yellow,Summer,2012.0,Casual,Femella Women Yellow & Brown Scarf
9692,Men,Apparel,Topwear,Tshirts,Navy Blue,Fall,2011.0,Casual,Classic Polo Men Ikon Navy Blue Polo Tshirts
35116,Women,Accessories,Jewellery,Necklace and Chains,Black,Summer,2012.0,Casual,Allen Solly Woman Black Necklace
16360,Men,Apparel,Topwear,Shirts,Purple,Fall,2011.0,Formal,Peter England Men Stripes Purple Shirt
46074,Men,Accessories,Belts,Belts,Brown,Summer,2012.0,Casual,Lino Perros Men Brown Leather Belt
13088,Men,Apparel,Topwear,Tshirts,Red,Fall,2011.0,Sports,ADIDAS Men NBA Bold Red T-shirts
55464,Women,Personal Care,Lips,Lipstick,Maroon,Spring,2017.0,Casual,Revlon Super Lusterous Mulled Wine Lipstick 305
11370,Women,Apparel,Topwear,Sweatshirts,Green,Fall,2011.0,Casual,United Colors Of Benetton Women Light Wintersweat Green Sweatshirts
9860,Men,Apparel,Topwear,Tshirts,Green,Fall,2011.0,Casual,Status Quo Men Green Polo Tshirts
19344,Men,Accessories,Wallets,Wallets,Black,Fall,2011.0,Formal,Reid&Taylor Men Solid Black Wallet
57956,Women,Apparel,Saree,Sarees,Green,Fall,2012.0,Ethnic,Prafful Green Printed Sari
19388,Men,Apparel,Topwear,Tshirts,Green,Summer,2011.0,Sports,ADIDAS Men Green South Africa Cricket Jersey
50377,Men,Footwear,Shoes,Casual Shoes,Brown,Summer,2012.0,Casual,Woodland Men Brown Shoes
33884,Men,Accessories,Watches,Watches,Black,Winter,2016.0,Casual,Citizen Men Black Dial Eco-Drive Watch
15573,Boys,Apparel,Topwear,Tshirts,White,Fall,2011.0,Casual,Chhota Bheem Kids Boys Main Hoon Bheem TShirt
38230,Women,Accessories,Eyewear,Sunglasses,Brown,Winter,2016.0,Casual,Polaroid Women Sunglasses
8948,Men,Apparel,Bottomwear,Trousers,Navy Blue,Fall,2011.0,Formal,Indigo Nation Men ID Printed Navy Blue Trousers
37416,Women,Accessories,Bags,Handbags,White,Summer,2012.0,Casual,Murcia Women White Handbag
28051,Men,Apparel,Innerwear,Briefs,Grey Melange,Summer,2016.0,Casual,Jockey ELANCE Men Grey Melange Pack of 2 Briefs 1009
33419,Women,Accessories,Bags,Handbags,Teal,Summer,2012.0,Casual,Baggit Women Sprinkle Dum Teal Sling Bag
37885,Unisex,Accessories,Socks,Socks,Red,Summer,2016.0,Casual,Happy Socks Unisex Pack of 2 Socks
12247,Men,Apparel,Topwear,Shirts,Navy Blue,Fall,2011.0,Formal,Genesis Men Stripes Navy Blue Shirts
22614,Men,Apparel,Topwear,Tshirts,Navy Blue,Fall,2011.0,Sports,Nike Men Navy Blue T-shirt
15096,Women,Apparel,Topwear,Kurtas,Orange,Fall,2011.0,Ethnic,Mother Earth Women Stripes Orange Kurtas
3280,Men,Apparel,Topwear,Tshirts,Purple,Summer,2011.0,Casual,Guerrilla Men's Ace Of Spades Purple T-shirt
28578,Men,Accessories,Watches,Watches,Black,Winter,2016.0,Casual,ADIDAS Originals Men Black Dial Chronograph Watch ADH2637
13957,Women,Apparel,Topwear,Tops,Purple,Summer,2011.0,Casual,United Colors of Benetton Women Solid Purple Tops
55117,Women,Personal Care,Makeup,Foundation and Primer,Skin,Spring,2017.0,Casual,Lakme Absolute Mattreal Skin Natural Mousse 03
7243,Men,Footwear,Shoes,Formal Shoes,Brown,Fall,2011.0,Formal,Rockport Men's Alfrew Brown Shoe
17951,Unisex,Accessories,Headwear,Caps,Red,Fall,2011.0,Casual,Nike Unisex Knit Beanie Red Skull Cap
2151,Men,Apparel,Topwear,Tshirts,White,Spring,2011.0,Casual,Basics Men Red & Blue Polo T-shirt
55784,Men,Footwear,Shoes,Casual Shoes,Black,Spring,2014.0,Casual,Converse Men Black Casual Shoes
50692,Men,Apparel,Innerwear,Trunk,Grey,Summer,2016.0,Casual,Chromozome Men Grey Trunk Trunks
7424,Women,Apparel,Topwear,Kurtas,Green,Summer,2011.0,Ethnic,W Women U Neck Short Sleeve Lavender Green Kurta
16417,Men,Apparel,Topwear,Tshirts,Yellow,Fall,2011.0,Casual,Levis Men Stripes Yellow Tshirt
39864,Boys,Apparel,Topwear,Tshirts,Red,Summer,2012.0,Casual,Gini and Jony Boys Polo Red T-Shirt
29864,Men,Accessories,Eyewear,Sunglasses,Brown,Winter,2016.0,Casual,Mayhem Men Sunglasses 1025-204
40692,Men,Footwear,Shoes,Casual Shoes,Navy Blue,Summer,2012.0,Casual,Numero Uno Men Navy Blue Shoes
41324,Women,Apparel,Topwear,Dupatta,Cream,Fall,2012.0,Ethnic,Aurelia Women Cream Dupatta
52501,Women,Apparel,Loungewear and Nightwear,Baby Dolls,Red,Winter,2015.0,Casual,Red Rose Red Nightdress
17596,Unisex,Accessories,Eyewear,Sunglasses,Black,Winter,2016.0,Casual,Cat Unisex Classic Black Sunglasses
13760,Men,Apparel,Topwear,Shirts,Purple,Fall,2011.0,Casual,Belmonte Men Check Purple Shirts
49515,Men,Accessories,Watches,Watches,Black,Winter,2016.0,Casual,Police Men Black Dial Watch PL12897JS-02M
8409,Men,Apparel,Topwear,Tshirts,Blue,Fall,2011.0,Sports,ADIDAS Men Torment S/L Blue T-Shirts
8436,Women,Apparel,Topwear,Tops,Pink,Fall,2011.0,Casual,Jealous 21 Women Jealous Gaius Pink Top Pink Tops
9510,Men,Apparel,Bottomwear,Shorts,White,Fall,2011.0,Casual,Puma Men Ess woven White Shorts
43489,Men,Apparel,Bottomwear,Jeans,Black,Summer,2012.0,Casual,French Connection Men Black Jeans
40039,Men,Apparel,Topwear,Tshirts,White,Summer,2012.0,Casual,ADIDAS Men White T-shirt
45779,Women,Apparel,Topwear,Tops,Black,Summer,2012.0,Casual,Remanika Women Black Top
59570,Men,Accessories,Cufflinks,Cufflinks,Steel,Summer,2012.0,Casual,Revv Men Black and White Cufflinks
55349,Women,Personal Care,Fragrance,Perfume and Body Mist,Blue,Spring,2017.0,Casual,Revlon Charlie Perfume
50832,Men,Accessories,Belts,Belts,Black,Summer,2012.0,Formal,New Hide Men Black & Brown Reversible Belt
47429,Women,Accessories,Bags,Handbags,Purple,Summer,2012.0,Casual,Baggit Women Purple Bag
30923,Women,Apparel,Bottomwear,Skirts,Mustard,Summer,2012.0,Ethnic,Fabindia Women Printed Mustard Skirt
48208,Men,Accessories,Eyewear,Sunglasses,Brown,Winter,2016.0,Casual,United Colors of Benetton Men Brown Sunglasses
44604,Men,Accessories,Wallets,Wallets,Brown,Summer,2012.0,Formal,Van Heusen Men Brown Wallet
8497,Women,Apparel,Bottomwear,Skirts,Cream,Fall,2011.0,Casual,Forever New Women Cameo Skirt Cream Skirts
23539,Men,Apparel,Topwear,Sweatshirts,White,Fall,2011.0,Casual,Classic Polo Men White Sweatshirt
54659,Women,Accessories,Watches,Watches,Black,Winter,2016.0,Casual,Fastrack Women Red Dial Watch
27704,Women,Accessories,Bags,Handbags,Purple,Winter,2015.0,Casual,Murcia Women Purple Handbag
33760,Women,Apparel,Topwear,Tops,White,Summer,2012.0,Casual,Vero Moda Women Viva White Top
1989,Women,Apparel,Topwear,Tshirts,Black,Fall,2010.0,Sports,ADIDAS Womens Black Tank Fitted T-shirt
16044,Men,Apparel,Topwear,Shirts,Red,Fall,2011.0,Casual,Highlander Men Check Red Shirt
34126,Men,Accessories,Belts,Belts,Black,Summer,2012.0,Formal,Turtle Men Black Reversible Leather Belt
23165,Men,Apparel,Topwear,Tshirts,Black,Fall,2011.0,Casual,Mark Taylor Men Black Printed T-shirt
12622,Men,Apparel,Topwear,Tshirts,Blue,Fall,2011.0,Casual,Probase Men Printed Blue Tshirts
45581,Men,Footwear,Sandal,Sandals,Grey,Summer,2012.0,Casual,Arrow Men Grey Sandals
1582,Unisex,Apparel,Bottomwear,Swimwear,Black,Summer,2011.0,Sports,Nabaiji Unisex Black Silicone Swimming Cap
20586,Women,Accessories,Wallets,Wallets,Purple,Winter,2015.0,Casual,Baggit Women Highway Taj Purple Wallet
53883,Men,Footwear,Flip Flops,Flip Flops,Red,Summer,2012.0,Casual,U.S. Polo Assn. Men Red Flip Flops
5921,Women,Footwear,Shoes,Casual Shoes,White,Summer,2011.0,Casual,ADIDAS Women's Piona White Shoe
35259,Women,Apparel,Topwear,Shirts,Blue,Summer,2012.0,Casual,Lee Women Jane Blue Striped Shirt
55142,Women,Personal Care,Nails,Nail Polish,Red,Spring,2017.0,Casual,Lakme Truewear Color Crush 23 Nail Polish
38541,Men,Footwear,Shoes,Casual Shoes,Black,Summer,2012.0,Casual,Puma Men Black Contest Hi Shoes
53879,Men,Footwear,Flip Flops,Flip Flops,Brown,Summer,2012.0,Casual,U.S. Polo Assn. Men Brown Flip Flops
12486,Men,Footwear,Shoes,Formal Shoes,Black,Spring,2012.0,Formal,Clarks Men Leather Black Formal Shoes
22683,Unisex,Accessories,Bags,Duffel Bag,Black,Winter,2015.0,Travel,Wildcraft Unisex Black Duffel Bag
17756,Men,Footwear,Shoes,Casual Shoes,Brown,Winter,2012.0,Casual,Buckaroo Men Meztli Brown Casual Shoe
52369,Women,Apparel,Loungewear and Nightwear,Nightdress,Yellow,Winter,2015.0,Casual,Red Rose Women Yellow Nightdress
20559,Women,Accessories,Wallets,Wallets,Pink,Winter,2015.0,Casual,Baggit Women Famous Baby Pink Wallet
53863,Women,Apparel,Topwear,Kurtas,Green,Summer,2012.0,Ethnic,Vishudh Women Green Printed Kurta
40219,Men,Accessories,Wallets,Wallets,Black,Summer,2012.0,Casual,Provogue Men Black Leather Wallet
36404,Men,Accessories,Socks,Socks,Green,Summer,2016.0,Casual,Reid & Taylor Men Green Socks
39814,Men,Footwear,Sandal,Sandals,Brown,Summer,2012.0,Casual,Red Tape Men Brown Sandals
34737,Men,Footwear,Shoes,Sports Shoes,Navy Blue,Summer,2012.0,Sports,Puma Men Faas 500 NM Fade Navy Blue Sports Shoes
57608,Women,Personal Care,Skin Care,Toner,Rose,Spring,2017.0,,Lotus Herbals Rosetone Facial Skin Toner
9362,Women,Accessories,Socks,Socks,Purple,Fall,2011.0,Casual,Puma Women Logo Stud Pink Socks
26806,Men,Apparel,Bottomwear,Trousers,Charcoal,Summer,2013.0,Formal,Arrow Men Charcoal Flat Front Trousers
44688,Women,Apparel,Dress,Dresses,Off White,Summer,2012.0,Casual,Wills Lifestyle Women Off White Dress
57402,Women,Apparel,Innerwear,Briefs,Maroon,Winter,2015.0,Casual,Amante Women Maroon Briefs PGDI03
48812,Women,Accessories,Jewellery,Pendant,Silver,Summer,2013.0,Casual,Lucera Women Silver Pendant
30762,Men,Apparel,Topwear,Kurtas,Olive,Summer,2012.0,Ethnic,Fabindia Men Printed Olive Kurta
49553,Women,Accessories,Bags,Handbags,Brown,Summer,2012.0,Casual,Rocia Women Brown Handbag
51558,Men,Accessories,Watches,Watches,Silver,Winter,2016.0,Casual,Fastrack Men Silver Dial Watch
47061,Women,Apparel,Bottomwear,Patiala,Brown,Fall,2012.0,Ethnic,Shree Women Brown & Black Patiala
25415,Men,Footwear,Shoes,Sports Shoes,White,Summer,2012.0,Sports,Nike Men Air Impetus White Sports Shoes
50674,Men,Apparel,Innerwear,Trunk,Black,Summer,2016.0,Casual,Chromozome Men Pack of Two Black Trunks
11875,Men,Footwear,Shoes,Formal Shoes,Brown,Summer,2013.0,Casual,Franco Leone Men Casual Brown Sandals
13974,Men,Footwear,Sandal,Sandals,Red,Fall,2011.0,Casual,Puma Men Webster Red Slippers
15626,Men,Apparel,Topwear,Jackets,Red,Fall,2011.0,Sports,Nike Men AS Manu Auth CL N98 Red Jackets
30308,Men,Apparel,Topwear,Tshirts,Off White,Summer,2012.0,Casual,Myntra Men Royal Off White T-shirt
58848,Men,Accessories,Cufflinks,Cufflinks,Blue,Summer,2012.0,Casual,Hakashi Men Blue Cufflinks
19212,Men,Accessories,Belts,Belts,Black,Summer,2011.0,Casual,United Colors of Benetton Men Solid Black Belt
40281,Men,Apparel,Bottomwear,Trousers,Beige,Summer,2012.0,Casual,Scullers Men Beige Trousers
3261,Men,Apparel,Topwear,Tshirts,Yellow,Summer,2011.0,Casual,Guerrilla Men's Heroes Needed Yellow T-shirt
13328,Men,Apparel,Topwear,Shirts,Green,Fall,2011.0,Casual,Gini and Jony Kids Boys Printed Green Tshirts
28969,Women,Apparel,Apparel Set,Kurta Sets,Red,Summer,2012.0,Ethnic,Biba Women Red Embroidered Churidar Kurta with Dupatta
29877,Men,Accessories,Eyewear,Sunglasses,Black,Summer,2017.0,Casual,Mayhem Men Rectangular Sunglasses 1020-205
11015,Women,Apparel,Topwear,Tunics,Purple,Fall,2011.0,Casual,Wrangler Women Kangroo Pocket Purple Tunics
55533,Women,Personal Care,Skin Care,Face Wash and Cleanser,White,Spring,2017.0,Casual,Revlon Touch & Glow Advanced Fairness Face Wash
4486,Men,Footwear,Shoes,Sports Shoes,Black,Summer,2011.0,Sports,Lotto Men's Stadio Suprema Black White Shoe
13910,Men,Footwear,Shoes,Sports Shoes,White,Fall,2011.0,Sports,Nike Men Court Shuttle White Sports Shoes
9964,Women,Apparel,Topwear,Tshirts,Blue,Fall,2011.0,Sports,Nike Women As Statement Blue T-Shirts
11220,Men,Accessories,Watches,Watches,Steel,Winter,2016.0,Casual,Esprit Men Axis Black Steel Watches
2180,Men,Apparel,Topwear,Tshirts,Orange,Summer,2011.0,Casual,Probase Mens Probase Orange Stripe Polo tee T-shirt
49769,Women,Apparel,Topwear,Tunics,White,Summer,2012.0,Casual,Alma Women White Tunic
44881,Men,Apparel,Bottomwear,Track Pants,Black,Summer,2012.0,Casual,Puma Men Black Track Pants
18590,Women,Accessories,Socks,Socks,Black,Summer,2010.0,Casual,Puma Women Foundation Black Socks
14953,Men,Apparel,Topwear,Tshirts,Navy Blue,Fall,2011.0,Casual,Status Quo Men Stripes Navy Blue Tshirts
19822,Men,Apparel,Topwear,Sweaters,Charcoal,Fall,2011.0,Casual,U.S. Polo Assn. Men Solid Charcoal Sweater
43865,Women,Accessories,Jewellery,Earrings,Gold,Summer,2012.0,Ethnic,Royal Diadem Golden Earrings
8229,Men,Accessories,Bags,Backpacks,Black,Winter,2016.0,Casual,Fastrack Men Black Backpack
31817,Men,Accessories,Watches,Watches,Black,Winter,2016.0,Casual,Titan Men Chronograph Black Dial Watch
19473,Men,Apparel,Topwear,Sweatshirts,Purple,Summer,2012.0,Casual,Quiksilver Men Purple Sweatshirt
27182,Men,Apparel,Bottomwear,Trousers,Brown,Summer,2012.0,Formal,Mark Taylor Men Striped Brown Trousers
54642,Women,Accessories,Watches,Watches,Black,Winter,2016.0,Casual,Fastrack Women Grey Dial Watch
1992,Men,Apparel,Topwear,Tshirts,Yellow,Fall,2010.0,Sports,Puma Men's Heroes T-shirt
3740,Men,Accessories,Headwear,Caps,Black,Fall,2010.0,Sports,ADIDAS Men Pune Warriors Match Black Cap
9242,Men,Apparel,Topwear,Shirts,Pink,Fall,2011.0,Formal,Mark Taylor Men Solid Pink Shirts
54708,Women,Apparel,Topwear,Kurtas,Multi,Fall,2012.0,Ethnic,Shree Women Multicoloured Printed Kurta
9084,Women,Apparel,Bottomwear,Track Pants,Grey,Fall,2011.0,Sports,ADIDAS Women Ess Cuffed Pant Grey Trackpant
50990,Women,Apparel,Innerwear,Briefs,Red,Summer,2017.0,Casual,Enamor Women Red Briefs
10015,Men,Apparel,Topwear,Tshirts,White,Fall,2011.0,Casual,Locomotive Men American Glory White Tshirts
4130,Men,Footwear,Shoes,Casual Shoes,Red,Summer,2011.0,Casual,Fila Men's Basic Low Red Shoe
26113,Men,Apparel,Topwear,Shirts,Purple,Summer,2012.0,Formal,John Miller Men Check Purple Shirt
50503,Men,Apparel,Innerwear,Briefs,Grey Melange,Winter,2016.0,Casual,Chromozome Men Grey Striped Brief
5879,Women,Apparel,Topwear,Tshirts,Pink,Summer,2011.0,Casual,Puma Women's Polo Pink T-shirt
34471,Women,Footwear,Sandal,Sports Sandals,Grey,Summer,2012.0,Casual,Puma Women Grey Sandals
43381,Men,Footwear,Flip Flops,Flip Flops,Black,Summer,2012.0,Casual,Reebok Men Black Flip Flops
14049,Men,Apparel,Topwear,Shirts,Blue,Fall,2011.0,Casual,Flying Machine Men Washed Blue Shirts
45049,Men,Footwear,Flip Flops,Flip Flops,Red,Fall,2012.0,Casual,Playboy Men Red and Black Flip Flop
10079,Unisex,Footwear,Sandal,Sandals,Black,Fall,2011.0,Casual,Reebok Unisex Twist Black Sandals
29553,Men,Apparel,Topwear,Tshirts,Green,Summer,2012.0,Casual,Classic Polo Men Green T-shirt
11193,Men,Accessories,Watches,Watches,White,Winter,2016.0,Casual,Carrera Men Steel dial frame dial White Watches
16973,Men,Footwear,Sandal,Sandals,Olive,Fall,2011.0,Casual,Puma Men Cooper Black Sandal
42898,Women,Accessories,Belts,Belts,Navy Blue,Summer,2012.0,Casual,French Connection Women Navy Blue Belt
48767,Women,Accessories,Jewellery,Jewellery Set,White,Summer,2012.0,Casual,Miki Pearl Women Ivory Jewellery Set
55642,Women,Footwear,Shoes,Heels,Black,Winter,2015.0,Casual,Catwalk Women Black Peep Toes
58961,Men,Personal Care,Fragrance,Perfume and Body Mist,White,Spring,2017.0,Casual,Colour Me Men White Perfume
25707,Women,Accessories,Bags,Handbags,Black,Winter,2012.0,Casual,Puma Women Black Handbag
45888,Men,Accessories,Watches,Watches,White,Winter,2016.0,Casual,Maxima Ssteele Men White Dial Watch
40156,Girls,Apparel,Topwear,Tops,Green,Summer,2012.0,Casual,Gini and Jony Girls Core Green Top
37236,Men,Accessories,Wallets,Wallets,Brown,Summer,2012.0,Casual,United Colors of Benetton Men Leather Brown Wallet
55219,Women,Personal Care,Lips,Lip Liner,Maroon,Spring,2017.0,Casual,Lakme Absolute Forever Silk Merlot Lip Liner 04
40169,Men,Accessories,Eyewear,Sunglasses,Black,Winter,2016.0,Casual,Fastrack Men UV protected Sporty Wrap Black Sunglasses
38417,Women,Accessories,Belts,Belts,Orange,Summer,2012.0,Casual,Baggit Women Orange Choti Eva Belt
24817,Men,Apparel,Topwear,Shirts,Navy Blue,Fall,2011.0,Casual,Basics Men Navy Slim Fit Checked Shirt
20827,Women,Accessories,Socks,Socks,White,Fall,2014.0,Sports,Fila Women White Pack of 3 Socks
14478,Women,Footwear,Shoes,Heels,Red,Summer,2012.0,Casual,Enroute Women Casual Red Flats
24470,Men,Footwear,Flip Flops,Flip Flops,Orange,Fall,2011.0,Casual,ADIDAS Men Orange Adi Mesh Flip Flops
54151,Women,Accessories,Jewellery,Necklace and Chains,Gold,Fall,2012.0,Casual,Femella Golden Necklace
32185,Men,Footwear,Flip Flops,Flip Flops,Red,Fall,2012.0,Casual,ADIDAS Men Adi Surge Red Flip Flops
7323,Men,Footwear,Shoes,Casual Shoes,Brown,Winter,2018.0,Casual,Red Tape Men's Casual Brown Shoe
49870,Women,Accessories,Watches,Watches,White,Winter,2016.0,Casual,Q&Q Superior Women White Dial Analog Watch
48394,Men,Apparel,Bottomwear,Trousers,Black,Summer,2012.0,Formal,French Connection Men Black Trousers
32182,Men,Footwear,Shoes,Sports Shoes,Brown,Summer,2012.0,Casual,ADIDAS Men Agora Brown Sport Shoes
33050,Women,Apparel,Topwear,Kurtas,Olive,Summer,2012.0,Ethnic,Mother Earth Women Printed Olive Kurta
42201,Women,Apparel,Topwear,Tunics,Orange,Summer,2012.0,Casual,Sepia Women Orange Tunic
36184,Men,Apparel,Topwear,Tshirts,Blue,Summer,2012.0,Casual,Reid & Taylor Men Grey Blue Polo T-shirt
5683,Men,Footwear,Shoes,Casual Shoes,Black,Winter,2015.0,Casual,Skechers Men's Triumphant Black Shoe
39332,Boys,Apparel,Topwear,Tshirts,White,Summer,2012.0,Casual,Gini & Jony Boys White T-shirt
9082,Men,Apparel,Bottomwear,Track Pants,Navy Blue,Fall,2011.0,Sports,ADIDAS Men Torment Pant Navy Blue Trackpant
31352,Men,Apparel,Bottomwear,Jeans,Navy Blue,Summer,2012.0,Casual,Locomotive Men Navy Blue Jeans
22577,Men,Apparel,Topwear,Shirts,Red,Fall,2011.0,Casual,Highlander Men Red Check Shirt
44731,Women,Footwear,Flip Flops,Flip Flops,Peach,Summer,2012.0,Casual,Globalite Women Amada Peach Flip Flops
17637,Unisex,Accessories,Scarves,Scarves,Black,Fall,2011.0,Casual,Puma Unisex Graphic Black Scarf
36786,Men,Accessories,Watches,Watches,Navy Blue,Winter,2016.0,Casual,Maxima Men Navy Blue Attivo Watch
4198,Boys,Apparel,Topwear,Tshirts,Red,Summer,2011.0,Casual,Disney Kids Boy's Red Royal Sailing Kidswear
34221,Men,Apparel,Topwear,Tshirts,Grey,Summer,2013.0,Casual,Proline Grey Polo T-shirt
47171,Men,Footwear,Sandal,Sandals,Black,Summer,2012.0,Casual,Ganuchi Men Black Sandals
5840,Men,Apparel,Topwear,Tshirts,Red,Summer,2011.0,Sports,Puma Men's Motorsport Better Red T-shirt
51817,Women,Apparel,Innerwear,Bra,Navy Blue,Summer,2016.0,Casual,Bwitch Navy Blue Bra
10275,Men,Footwear,Shoes,Formal Shoes,Black,Summer,2013.0,Formal,Clarks Men Black Leather Derbys
47512,Men,Apparel,Innerwear,Briefs,Khaki,Summer,2016.0,Casual,Facit Men Khaki Brief
42863,Women,Accessories,Bags,Clutches,Brown,Summer,2012.0,Casual,
39196,Women,Footwear,Shoes,Heels,White,Winter,2015.0,Casual,Catwalk Women White Flats
36318,Boys,Apparel,Topwear,Tshirts,Red,Summer,2012.0,Casual,Mr. Men Boys Mr. Bump Red T-shirt
58531,Unisex,Accessories,Eyewear,Sunglasses,Black,Winter,2016.0,Casual,Miami Blues Unisex Sunglasses
56272,Women,Apparel,Innerwear,Bra,White,Summer,2017.0,Casual,Biara Women White Bra
24652,Women,Accessories,Bags,Handbags,Off White,Winter,2015.0,Casual,Lino Perros Women Off White Casual Handbag
8981,Men,Footwear,Shoes,Casual Shoes,White,Fall,2011.0,Casual,Puma Men Evo Ducati Mid White Casual Shoes
11926,Women,Footwear,Flip Flops,Flip Flops,Black,Fall,2011.0,Casual,Skechers Women Tone Black Slippers
10460,Men,Apparel,Topwear,Tshirts,Green,Fall,2011.0,Casual,Flying Machine Green Polo Tshirts
44744,Men,Footwear,Shoes,Casual Shoes,Black,Summer,2012.0,Casual,Globalite Men Black Proton Shoes
38235,Unisex,Accessories,Eyewear,Sunglasses,Brown,Winter,2016.0,Casual,Polaroid Unisex Sunglasses
49090,Women,Personal Care,Lips,Lip Liner,Brown,Spring,2017.0,Casual,Deborah 24 Ore Lip Liner 203
38497,Boys,Apparel,Topwear,Tshirts,Yellow,Fall,2012.0,Casual,Palm Tree Boys Yellow T-shirt
16338,Men,Apparel,Topwear,Shirts,Blue,Fall,2011.0,Formal,Peter England Men Stripes Blue Shirt
28268,Men,Personal Care,Fragrance,Deodorant,Blue,Spring,2017.0,Casual,Gatsby Men Intense Deo
19528,Men,Apparel,Topwear,Sweaters,Red,Fall,2011.0,Casual,United Colors of Benetton Men Solid Red Sweater
6223,Women,Apparel,Topwear,Tshirts,Black,Summer,2011.0,Casual,UCB Women's Basic Round Black T-shirt
5694,Men,Footwear,Shoes,Casual Shoes,Brown,Winter,2015.0,Casual,Skechers Men's Genesis Everstone Brown Shoe
27688,Women,Accessories,Bags,Handbags,Brown,Winter,2015.0,Casual,Murcia Women Brown Handbag
4779,Women,Apparel,Topwear,Tshirts,White,Summer,2011.0,Sports,ADIDAS Women's Blosson White Pink T-shirt
39520,Unisex,Accessories,Bags,Messenger Bag,Black,Summer,2012.0,Casual,Peter England Unisex Black Messanger Bag
58722,Men,Apparel,Topwear,Tshirts,White,Fall,2012.0,Casual,Puma Men Blue & White T-shirt
50584,Men,Apparel,Innerwear,Briefs,Navy Blue,Winter,2016.0,Casual,Chromozome Men Navy Blue Pack of 2 Briefs
6080,Men,Apparel,Topwear,Tshirts,Green,Summer,2011.0,Casual,UCB Men's Garment Dyed Green T-shirt
41050,Men,Accessories,Watches,Watches,Brown,Winter,2016.0,Casual,Nautica Men Brown Dial Watch
34004,Girls,Apparel,Topwear,Tops,White,Summer,2012.0,Casual,Gini and Jony Girls White Top
46616,Women,Footwear,Shoes,Heels,Bronze,Winter,2012.0,Casual,Catwalk Women Bronze Wedges
15141,Men,Apparel,Topwear,Shirts,Blue,Fall,2011.0,Casual,Arrow Sport Men Check Blue Slim Fit Shirt
19971,Men,Accessories,Headwear,Caps,Purple,Fall,2011.0,Casual,United Colors of Benetton Men Solid Purple Cap
16753,Women,Accessories,Bags,Clutches,Black,Winter,2015.0,Casual,Spice Art Women Stripes Leatherette Black Clutch
2027,Men,Apparel,Topwear,Tshirts,Blue,Fall,2010.0,Sports,ADIDAS Mens Full Navy Blue T-shirt
56070,Women,Personal Care,Lips,Lip Liner,Pink,Spring,2017.0,Casual,Colorbar Fuchsia Fever Lip Liner/Crayon 013
28632,Women,Apparel,Bottomwear,Capris,Black,Summer,2012.0,Sports,Nike Women Black Sports Capris
29384,Men,Apparel,Topwear,Shirts,Maroon,Summer,2012.0,Formal,Genesis Men Striped Maroon Shirt
9060,Men,Footwear,Shoes,Sports Shoes,White,Fall,2011.0,Sports,Puma Men SL Tech Lo White Sports Shoes
8380,Girls,Apparel,Topwear,Tops,Purple,Fall,2011.0,Casual,Doodle Girls Purple Printed Top
53534,Women,Apparel,Innerwear,Briefs,Grey,Summer,2018.0,Casual,Amante Women Grey Seamless Briefs PCSN11
20207,Women,Apparel,Topwear,Sweatshirts,Green,Fall,2011.0,Casual,Wrangler Women Ann Green Sweatshirt
50973,Women,Apparel,Innerwear,Bra,Maroon,Summer,2017.0,Casual,Enamor Claret Coloured Lift Bra
42886,Women,Accessories,Bags,Handbags,Orange,Summer,2012.0,Casual,French Connection Women Orange Beach Bag
16158,Men,Footwear,Shoes,Formal Shoes,Brown,Summer,2012.0,Formal,Enroute Men Leather Brown Formal Shoes
40184,Women,Apparel,Topwear,Kurtis,Pink,Summer,2012.0,Ethnic,Mumbai Slang Women Floral Pink Kurti
55032,Women,Personal Care,Lips,Lipstick,Red,Spring,2017.0,Casual,Lakme Absolute Matte Classic Rose Lipstick 47
16160,Men,Footwear,Shoes,Formal Shoes,Black,Fall,2011.0,Formal,Enroute Men Leather Black Formal Shoes
23287,Men,Accessories,Watches,Watches,White,Winter,2016.0,Casual,Maxima Men Ssteele White Dial Watch
59892,Women,Apparel,Topwear,Shirts,Blue,Fall,2012.0,Casual,Femella Women Blue Shirt
39983,Men,Footwear,Shoes,Casual Shoes,Black,Winter,2014.0,Casual,GAS Men Black Casual Shoes
16169,Men,Footwear,Shoes,Formal Shoes,Black,Fall,2011.0,Formal,Enroute Men Leather Black Formal Shoes
17619,Girls,Apparel,Bottomwear,Leggings,White,Fall,2011.0,Casual,Doodle Girls Lace Bow White Leggings
10067,Men,Apparel,Topwear,Tshirts,Yellow,Fall,2011.0,Casual,Puma Men punk logo tee Yellow Tshirts
12354,Men,Apparel,Topwear,Shirts,White,Fall,2011.0,Formal,Reid & Taylor Men Solid White Shirts
9201,Men,Footwear,Shoes,Sports Shoes,White,Summer,2012.0,Sports,Puma Men Faas 300 White Shoes
29581,Men,Apparel,Topwear,Tshirts,Yellow,Summer,2012.0,Casual,Puma Men Vintage Yellow T-shirt
7196,Women,Apparel,Topwear,Tshirts,White,Fall,2011.0,Casual,Jealous 21 Women White Girl With Fan T-shirt
45898,Women,Accessories,Watches,Watches,White,Winter,2016.0,Casual,Maxima Women White Dial Watch
57753,Women,Personal Care,Makeup,Foundation and Primer,Skin,Spring,2017.0,Casual,Lotus Herbals Sand Naturalblend Comfort Liquid Foundation 310
28946,Women,Apparel,Topwear,Tunics,White,Summer,2012.0,Ethnic,BIBA OUTLET Women White Tunic
54639,Men,Accessories,Watches,Watches,Black,Winter,2016.0,Casual,Fastrack Men Black Dial Watch
52398,Women,Apparel,Loungewear and Nightwear,Nightdress,Blue,Winter,2015.0,Casual,Red Rose Women Blue Nightdress
28941,Women,Apparel,Topwear,Kurtas,Green,Summer,2012.0,Ethnic,BIBA Women Ethnic Green Kurta
6563,Unisex,Accessories,Bags,Backpacks,Red,Summer,2012.0,Casual,Nike Unisex Team Training Red Backpack
37533,Boys,Apparel,Innerwear,Innerwear Vests,Yellow,Summer,2012.0,Casual,Madagascar3 Boys Yellow Innerwear Vest
24540,Women,Apparel,Topwear,Kurtas,Beige,Fall,2011.0,Ethnic,Mother Earth Women Beige Printed Kurta
11005,Men,Accessories,Watches,Watches,Black,Winter,2016.0,Casual,Puma Men Visor 3HD Black Watch
21690,Men,Accessories,Watches,Watches,Black,Winter,2016.0,Casual,Fossil Men Black Dial Chronograph Watch ES2157
52362,Women,Apparel,Loungewear and Nightwear,Nightdress,Off White,Winter,2015.0,Casual,Red Rose Women Off White Nightdress
2305,Women,Apparel,Topwear,Tshirts,Blue,Fall,2010.0,Sports,Nike Women Blue Polo T-shirt
28510,Men,Apparel,Topwear,Tshirts,Black,Summer,2012.0,Sports,Nike Men Training Black T-shirt
24781,Women,Accessories,Belts,Belts,White,Winter,2015.0,Casual,Lino Perros Women Ladies Belts White White Belts
46133,Women,Accessories,Jewellery,Necklace and Chains,Black,Fall,2012.0,Casual,Adrika Women Black Necklace
42331,Women,Apparel,Saree,Sarees,Navy Blue,Summer,2012.0,Ethnic,Prafful Navy Crepe Printed Saree
14584,Women,Apparel,Topwear,Tops,Red,Summer,2011.0,Casual,United Colors of Benetton Women Solid Red Tops
6756,Men,Footwear,Shoes,Sports Shoes,White,Summer,2011.0,Sports,Nike Men's Air Googly 2 White Shoe
46568,Men,Accessories,Watches,Watches,Black,Winter,2016.0,Sports,Timex Expedition Men Brown & Black Digital Watch T49841
3089,Men,Apparel,Topwear,Tshirts,Black,Summer,2011.0,Casual,Probase Men's Dead Tired Black T-shirt
8653,Unisex,Accessories,Eyewear,Sunglasses,Grey,Winter,2016.0,Casual,Fastrack Unisex Summer Sunglasses P121BK1
54831,Women,Accessories,Bags,Handbags,Off White,Fall,2012.0,Casual,Ivory Tag Women Off White Tasseled Rose Sling Bag
4603,Women,Accessories,Bags,Handbags,Blue,Winter,2015.0,Casual,Wildcraft Blue & Grey Printed Tote Bag
18741,Women,Apparel,Topwear,Tops,Tan,Fall,2011.0,Casual,Arrow Woman Boho Tan Top
2197,Men,Footwear,Shoes,Sports Shoes,White,Fall,2010.0,Sports,ADIDAS Men's Stripe White Run Shoe
50495,Men,Apparel,Innerwear,Innerwear Vests,Blue,Winter,2016.0,Casual,Chromozome Men Blue Innerwear Vest
52594,Women,Accessories,Bags,Clutches,Pink,Summer,2012.0,Casual,Mod-acc Women Pink Clutch
5346,Unisex,Footwear,Shoes,Sports Shoes,Black,Fall,2011.0,Sports,Solognac Shoes Inverness 100 Ir
12843,Men,Apparel,Topwear,Tshirts,Navy Blue,Fall,2011.0,Casual,Ant Kids Keep Up Navy Blue Tshirts
51318,Unisex,Accessories,Bags,Backpacks,Blue,Summer,2015.0,Casual,Wildcraft Unisex Blue Cauvery Backpack
37909,Unisex,Personal Care,Fragrance,Perfume and Body Mist,Gold,Spring,2017.0,Casual,RNC Unisex The Vert Perfume
4438,Unisex,Footwear,Shoes,Casual Shoes,Black,Summer,2011.0,Casual,Converse Unisex Rolldown Black Yellow Canvas Shoe
54838,Women,Accessories,Bags,Clutches,Brown,Summer,2010.0,Casual,Ivory Tag Brown Fur Clutch
26616,Women,Footwear,Shoes,Sports Shoes,Grey,Summer,2012.0,Sports,Puma Women BodyTrain Mesh Grid Grey Sports Shoes
26040,Men,Apparel,Topwear,Shirts,Blue,Summer,2012.0,Formal,John Miller Men Blue Shirt
23307,Women,Apparel,Topwear,Tunics,Green,Fall,2011.0,Casual,W Women Green Printed Tunic
33195,Women,Apparel,Topwear,Tunics,Pink,Summer,2012.0,Casual,Sepia Women Pink Tunic
31060,Women,Apparel,Topwear,Dupatta,Off White,Summer,2012.0,Ethnic,Fabindia Women Off White Chanderi Dupatta
5777,Women,Apparel,Topwear,Tops,Blue,Summer,2011.0,Casual,Jealous 21 Women Blue Floral Top
13561,Women,Footwear,Shoes,Flats,Black,Winter,2012.0,Casual,Carlton London Women Black Flat Shoes
59572,Men,Accessories,Cufflinks,Cufflinks,Steel,Summer,2012.0,Casual,Revv Men Steel Cufflinks
12471,Men,Apparel,Topwear,Shirts,White,Fall,2011.0,Casual,Basics Men White Slim Fit Shirt
49510,Men,Footwear,Shoes,Casual Shoes,Black,Summer,2012.0,Casual,Vans Men Black Shoes
19260,Men,Accessories,Watches,Watches,Copper,Winter,2016.0,Casual,Guess Men Power Broker Copper Watch
12644,Men,Apparel,Topwear,Tshirts,White,Fall,2011.0,Casual,Probase Men Solid White Polo T-shirts
4036,Men,Apparel,Topwear,Tshirts,Black,Summer,2011.0,Casual,Myntra Men's I Have Multiple Personalities Black T-shirt
37503,Men,Accessories,Watches,Watches,Black,Winter,2016.0,Casual,Esprit Men Black Watch
57244,Women,Accessories,Bags,Handbags,Beige,Summer,2012.0,Casual,Murcia Women Beige Handbag
7647,Men,Apparel,Topwear,Tshirts,Black,Fall,2011.0,Sports,Puma Men's Ducati One Ups Black T-shirt
36617,Women,Footwear,Shoes,Heels,Brown,Winter,2015.0,Casual,Catwalk Women Brown Flats
6108,Men,Apparel,Topwear,Tshirts,Grey,Summer,2011.0,Casual,UCB Men's Benetton Football Grey T-shirt
51910,Women,Accessories,Bags,Laptop Bag,Lavender,Summer,2016.0,Casual,Nyk Women Lavender Orchid Laptop Bag
42963,Men,Accessories,Belts,Belts,Black,Summer,2012.0,Formal,French Connection Men Black Belt
20170,Men,Apparel,Topwear,Shirts,Khaki,Fall,2011.0,Casual,Wrangler Men Thin Khaki Shirt
52134,Women,Apparel,Bottomwear,Stockings,Black,Fall,2012.0,Casual,Femella Women Black Stockings
47627,Women,Footwear,Shoes,Heels,Pink,Winter,2012.0,Casual,Portia Women Pink Wedges
48659,Women,Accessories,Jewellery,Earrings,Silver,Fall,2012.0,Casual,Lucera Women Silver Earrings
7884,Men,Apparel,Bottomwear,Track Pants,Black,Fall,2011.0,Casual,Proline Men Black Track Pants
22275,Women,Footwear,Shoes,Heels,White,Winter,2012.0,Casual,Inc. 5 Women Casual White Flats
6721,Men,Apparel,Topwear,Tshirts,White,Summer,2011.0,Casual,Locomotive Men's Fateeion White T-shirt
39875,Unisex,Accessories,Bags,Messenger Bag,Brown,Summer,2012.0,Casual,ADIDAS Unisex Brown Chelsea F.C Bag
12409,Men,Accessories,Socks,Socks,Beige,Summer,2016.0,Formal,Reid & Taylor Men Stripes Beige Socks
36802,Women,Accessories,Watches,Watches,White,Winter,2016.0,Casual,Maxima Women White Dial Ssteel Watch
24395,Women,Apparel,Topwear,Kurtas,Blue,Summer,2012.0,Ethnic,Vishudh Women Blue Printed Kurta
5157,Men,Apparel,Topwear,Tshirts,Black,Summer,2011.0,Casual,Inkfruit Men's Yes We Can Black T-shirt
15089,Men,Apparel,Topwear,Shirts,White,Fall,2011.0,Casual,Mother Earth Men Check White Shirts
6389,Men,Footwear,Shoes,Sports Shoes,White,Summer,2011.0,Sports,Puma Men's Urban Cat Cetto White Shoe
11871,Men,Footwear,Shoes,Formal Shoes,Black,Summer,2013.0,Formal,Franco Leone Men Formal Black Formal Shoes
5168,Men,Apparel,Topwear,Tshirts,Green,Summer,2011.0,Casual,Ed Hardy Men's Brave Hearts Stay True Sage Green T-shirt
24508,Women,Apparel,Topwear,Kurtas,Green,Fall,2011.0,Ethnic,Mother Earth Women Green Printed Kurta
11612,Women,Apparel,Topwear,Kurtas,Brown,Summer,2011.0,Ethnic,W Women Solid Brown Kurtas
12407,Men,Accessories,Socks,Socks,Brown,Summer,2016.0,Formal,Reid & Taylor Men Brown Striped Socks
30565,Unisex,Accessories,Eyewear,Sunglasses,Black,Winter,2016.0,Casual,Opium Unisex Black Sunglass
39275,Men,Footwear,Shoes,Casual Shoes,Brown,Winter,2018.0,Casual,Red Chief Men Brown Leather Shoes
15279,Men,Accessories,Socks,Socks,Black,Summer,2012.0,Sports,Nike Men Sports Black Socks
41357,Men,Apparel,Bottomwear,Jeans,,Fall,2016.0,Casual,Wrangler Men Blue Millard Jeans
47857,Women,Accessories,Bags,Handbags,Charcoal,Summer,2012.0,Casual,Murcia Women Charcoal Handbag
56172,Women,Personal Care,Makeup,Kajal and Eyeliner,Blue,Spring,2017.0,Casual,Colorbar Color Intense Blue Lagoon Liquid Eye Liner 007
4226,Men,Apparel,Topwear,Tshirts,Grey,Summer,2011.0,Casual,Probase Men's Last Week Grey T-shirt
50043,Women,Apparel,Innerwear,Bra,Black,Winter,2015.0,Casual,Hanes Women Black Concealing Petals Strapless Bra
39645,Men,Footwear,Shoes,Casual Shoes,Black,Summer,2012.0,Casual,Lotto Men Black Shoes
54883,Women,Accessories,Jewellery,Necklace and Chains,Cream,Fall,2012.0,Casual,Ivory Tag Women Sparkling Terra Cream Necklace
31884,Women,Accessories,Stoles,Stoles,Olive,Summer,2012.0,Ethnic,Fabindia Women Mughal Printed Olive Green Stole
15649,Women,Apparel,Topwear,Tops,Grey,Fall,2011.0,Sports,Nike Women Trainng Grey Tops
27740,Women,Accessories,Bags,Handbags,Navy Blue,Winter,2015.0,Casual,Murcia Women Navy Blue Sling Bag
46128,Women,Accessories,Jewellery,Necklace and Chains,Blue,Fall,2012.0,Casual,Adrika Women Blue Necklace
41903,Men,Personal Care,Fragrance,Perfume and Body Mist,Black,Spring,2017.0,Casual,Playboy Men Vegas Perfume Buy 1 Get 1 free
11489,Women,Accessories,Watches,Watches,Black,Winter,2016.0,Casual,Puma Women Flash Black Watch
55164,Women,Personal Care,Nails,Nail Polish,White,Spring,2017.0,Casual,Lakme True Wear Classics Vanilla Nail Color 014
47204,Men,Footwear,Shoes,Formal Shoes,Brown,Summer,2012.0,Formal,Franco Leone Men Brown Formal Shoes
5167,Men,Apparel,Topwear,Tshirts,Black,Summer,2011.0,Casual,Ed Hardy Men's Skull Wave Black T-shirt
28930,Men,Apparel,Topwear,Tshirts,Red,Summer,2012.0,Casual,Mr. Men Printed Red T-shirt
43633,Women,Apparel,Dress,Dresses,Red,Summer,2012.0,Casual,Vero Moda Women Coral Coloured Dress
48228,Men,Accessories,Eyewear,Sunglasses,Black,Winter,2016.0,Casual,United Colors of Benetton Men Black Sunglasses
57462,Women,Accessories,Bags,Clutches,Gold,Summer,2010.0,Casual,Pitaraa Women Golden Clutch
43861,Women,Accessories,Jewellery,Earrings,Maroon,Summer,2012.0,Casual,Royal Diadem Maroon Earrings
27511,Women,Apparel,Innerwear,Briefs,Pink,Summer,2017.0,Casual,Jockey Lace Stretch Pink Bikini Brief
56323,Women,Accessories,Watches,Watches,White,Winter,2016.0,Casual,Fastrack Women White Dial Watch
13378,Unisex,Footwear,Shoes,Casual Shoes,Pink,Fall,2011.0,Casual,Timberland Unisex Infant Pink Casual Shoes
28105,Men,Apparel,Innerwear,Boxers,Black,Summer,2016.0,Casual,Jockey MODERN CLASSIC Men Black Boxer 8009
31043,Men,Apparel,Topwear,Shirts,Blue,Summer,2012.0,Casual,Arrow Sport Men Blue & Black Check Shirt
47205,Men,Footwear,Shoes,Formal Shoes,Brown,Summer,2012.0,Formal,Franco Leone Men Brown Formal Shoes
59763,Women,Footwear,Shoes,Heels,Black,Winter,2012.0,Casual,Rocia Women Black Wedges
54615,Men,Apparel,Innerwear,Briefs,Blue,Summer,2016.0,Casual,Jockey ELANCE Men Blue Briefs 1010
47692,Women,Accessories,Bags,Handbags,Olive,Summer,2012.0,Casual,Murcia Women Olive Handbag
12660,Men,Apparel,Topwear,Shirts,Pink,Fall,2011.0,Casual,Probase Men Stripes Pink Shirts
37715,Men,Apparel,Topwear,Tshirts,Brown,Summer,2012.0,Casual,John Players Men Polo Brown T-shirt
25640,Men,Accessories,Watches,Watches,White,Winter,2016.0,Casual,Fastrack Men White Casual Watch
53859,Women,Apparel,Topwear,Kurtas,Green,Summer,2010.0,Ethnic,Vishudh Women Green Kurta
55392,Women,Personal Care,Nails,Nail Polish,White,Spring,2017.0,Casual,Revlon Natural Nail Polish 75
39964,Men,Footwear,Shoes,Casual Shoes,Brown,Spring,2013.0,Casual,GAS Men Brown Brixton Casual Shoes
14072,Women,Apparel,Topwear,Tshirts,White,Fall,2011.0,Casual,Flying Machine Women Printed White Tshirts
55825,Women,Apparel,Loungewear and Nightwear,Nightdress,Black,Summer,2017.0,Casual,SDL by Sweet Dreams Women Black Nightdress
7943,Men,Apparel,Topwear,Tshirts,Black,Fall,2011.0,Sports,Puma Men's Foundation Polo Black T-shirt
37693,Unisex,Accessories,Bags,Backpacks,Grey,Summer,2012.0,Casual,American Tourister Unisex Grey Backpack
13096,Men,Apparel,Topwear,Tshirts,Blue,Fall,2011.0,Sports,ADIDAS Men NBA BoldBlue T-shirts
12144,Women,Apparel,Topwear,Kurtas,Black,Fall,2011.0,Ethnic,Aurelia Women Solid Black Kurtas
15705,Men,Apparel,Bottomwear,Track Pants,Black,Fall,2011.0,Sports,Nike Men Tennis Black Track Pants
57923,Women,Apparel,Bottomwear,Leggings,Navy Blue,Fall,2012.0,Casual,Femella Women Navy Blue Leggings
11960,Men,Footwear,Shoes,Casual Shoes,Black,Summer,2012.0,Casual,Ganuchi Men Casual Black Casual Shoes
19331,Women,Apparel,Topwear,Jackets,Navy Blue,Fall,2011.0,Casual,United Colors of Benetton Women Solid Navy Blue Jacket
29908,Men,Accessories,Watches,Watches,White,Winter,2016.0,Casual,Police Men White Dial Watch PL12157JS
57572,Women,Personal Care,Lips,Lipstick,Coffee Brown,Spring,2017.0,,Lotus Herbals Pure Colours Lilac Breeze Lipstick 681
1616,Men,Apparel,Topwear,Tshirts,White,Summer,2010.0,Sports,Reebok Men's Shoot White T-Shirt
5084,Men,Apparel,Topwear,Tshirts,Black,Summer,2011.0,Casual,Wrangler Men's Motel Color Black T-shirt
9020,Men,Footwear,Flip Flops,Flip Flops,Brown,Winter,2011.0,Casual,Buckaroo Men Dios Brown Flip Flops
19797,Men,Apparel,Topwear,Tshirts,Grey,Fall,2011.0,Casual,U.S. Polo Assn. Men Striped Grey T-shirt
12175,Men,Apparel,Topwear,Shirts,Blue,Fall,2011.0,Casual,Basics Men Blue Slim Fit Checked Shirt
49828,Women,Footwear,Flip Flops,Flip Flops,Pink,Winter,2012.0,Casual,iPanema Women Pink Flip Flops
42804,Women,Apparel,Innerwear,Briefs,Grey,Summer,2012.0,Casual,Little Miss Intimates Women Grey Brief
28077,Men,Apparel,Innerwear,Trunk,Olive,Summer,2016.0,Casual,Jockey MC Men Olive Midway Classic Trunks 1101
10682,Men,Apparel,Topwear,Tshirts,Tan,Fall,2011.0,Casual,United Colors of Benetton Men Printed Tan T-shirt
15758,Men,Apparel,Innerwear,Innerwear Vests,Black,Summer,2016.0,Casual,Facit Men Fitness Black Innerwear Vest
37408,Women,Accessories,Bags,Handbags,Pink,Summer,2012.0,Casual,Murcia Women Pink Handbag
55043,Women,Personal Care,Lips,Lipstick,Purple,Spring,2017.0,,Lakme Absolute Matte Garnet Spray Lipstick 41
48391,Men,Apparel,Bottomwear,Trousers,Grey,Summer,2012.0,Casual,French Connection Men Grey Trousers
31154,Boys,Apparel,Topwear,Tshirts,White,Summer,2012.0,Casual,Gini and Jony Boys White T-shirt
56260,Men,Apparel,Loungewear and Nightwear,Night suits,Black,Summer,2016.0,Casual,SDL by Sweet Dreams Men Black Pyjama Set
23233,Women,Apparel,Topwear,Kurtas,Cream,Fall,2011.0,Ethnic,Aneri Women Fiza Cream Kurta
29158,Women,Apparel,Dress,Dresses,Green,Summer,2012.0,Casual,United Colors of Benetton Women Green Dress
49875,Women,Accessories,Watches,Watches,Silver,Winter,2016.0,Casual,Q&Q Women Silver Dial Analog Watch
43510,Women,Apparel,Dress,Dresses,Maroon,Fall,2012.0,Casual,French Connection Women Maroon Knitted Dress
2637,Men,Footwear,Shoes,Formal Shoes,Black,Winter,2012.0,Formal,Carlton London Men's Semi Formal Black Shoe
9019,Men,Footwear,Sandal,Sandals,Brown,Winter,2011.0,Casual,Buckaroo Men Mar Brown Sandals
48568,Women,Accessories,Jewellery,Bracelet,Black,Summer,2013.0,Casual,Lucera Women Black & Silver Bracelet
40198,Women,Apparel,Topwear,Tops,White,Summer,2012.0,Casual,Mumbai Slang Women White Printed Top
19557,Women,Apparel,Topwear,Tshirts,Olive,Summer,2011.0,Casual,United Colors of Benetton Women Solid Olive T-shirt
11198,Men,Accessories,Watches,Watches,Black,Winter,2016.0,Casual,Carrera Men Dial steel strap numbers Black Watches
46633,Men,Personal Care,Fragrance,Deodorant,Black,Spring,2017.0,Casual,Rasasi Men Royale Deo
5243,Men,Footwear,Shoes,Sports Shoes,Black,Summer,2011.0,Sports,Reebok Men's Zigdhoni Black Shoe
45419,Women,Footwear,Shoes,Flats,Black,Winter,2012.0,Casual,Rocia Women Black & Brown Sandals
5288,Men,Footwear,Sandal,Sandals,Brown,Summer,2011.0,Casual,Lee Cooper Men Brown Floater
59610,Women,Apparel,Saree,Sarees,Rust,Fall,2012.0,Ethnic,FNF Rust Collection for Wedding Sari
48796,Women,Accessories,Jewellery,Pendant,Silver,Summer,2013.0,Casual,Lucera Women Silver Pendant
21703,Men,Accessories,Watches,Watches,Black,Winter,2016.0,Casual,Fossil Men Black Dial Chronograph Watch FS4572
13635,Men,Apparel,Innerwear,Innerwear Vests,Red,Summer,2016.0,Casual,Hanes Men Red Premium Sleeveless Crew T-shirt
28477,Women,Apparel,Topwear,Kurtas,Purple,Summer,2012.0,Ethnic,Urban Yoga Women Printed Purple Kurta
47186,Men,Footwear,Shoes,Casual Shoes,Brown,Summer,2012.0,Casual,Ganuchi Men Brown Casual Shoes
5424,Boys,Apparel,Topwear,Tshirts,White,Summer,2011.0,Casual,Ant Kids Boy's Whats Up White Navy Kidswear
38843,Women,Apparel,Dress,Dresses,Navy Blue,Summer,2012.0,Casual,Latin Quarters Women Zip Piping Navy Blue Dress
18621,Men,Apparel,Topwear,Tshirts,Black,Fall,2011.0,Casual,Puma Men Team Essential Polo Black Tshirts
25760,Men,Apparel,Topwear,Suspenders,Black,Summer,2012.0,Formal,Lino Perros Men Black Suspenders
6450,Men,Footwear,Shoes,Casual Shoes,Black,Summer,2011.0,Casual,Lotto Men's Calcetto Black Shoe
34043,Boys,Apparel,Topwear,Shirts,Red,Summer,2012.0,Casual,Palm Tree Boys Check Red Shirt
29701,Men,Apparel,Topwear,Shirts,Black,Summer,2012.0,Formal,John Miller Men Check Black Shirt
23204,Men,Apparel,Topwear,Shirts,Green,Fall,2011.0,Casual,Highlander Men Green Check Shirt
17667,Women,Footwear,Shoes,Casual Shoes,Black,Winter,2015.0,Casual,Catwalk Women Buckel Black Casual Shoe
46667,Men,Personal Care,Fragrance,Deodorant,Brown,Spring,2017.0,Casual,Rasasi Men Numero Due Deo
7547,Men,Apparel,Bottomwear,Track Pants,Grey,Summer,2011.0,Sports,Nike Men Essenti Grey Track Pant
11597,Women,Apparel,Topwear,Kurtas,Cream,Summer,2011.0,Ethnic,W Women Printed Cream Kurtas
